created_at,entry_id,field1,field2,field3,field4,field5,field6,field7,field8
2026-01-16T06:23:08Z,1195,hub,1768544551,"Moist,+001.89,+004.36,+001.38,+000.69,+001.52,+000.96,+001.26,+001.59","Temp,+008.34,+008.10,+007.99,+007.81,+007.88,+007.89,+007.97,+008.11",,,,
2026-01-16T06:24:03Z,1196,9f48: @w1r,1768544604,"Moist,+008.43,+007.87,+001.93,+002.23,+001.83,+000.77,+001.57,+001.39","Temp,+008.16,+008.19,+007.75,+007.64,+007.25,+007.30,+007.37,+007.49",,,,
2026-01-16T07:23:14Z,1197,hub,1768548156,"Moist,+001.97,+004.31,+001.47,+000.71,+001.50,+000.97,+001.25,+001.59","Temp,+007.52,+007.26,+007.09,+006.88,+006.94,+007.04,+007.04,+007.14",,,,
2026-01-16T07:24:08Z,1198,9f48: @w1r,1768548210,"Moist,+008.48,+007.91,+001.89,+000.92,+001.08,+000.53,+000.64,+000.83","Temp,+007.34,+007.24,+006.79,+006.66,+006.25,+006.31,+006.31,+006.31",,,,
2026-01-16T08:23:20Z,1199,hub,1768551762,"Moist,+001.84,+004.27,+001.38,+000.65,+001.44,+000.91,+001.25,+001.52","Temp,+006.20,+006.02,+005.86,+005.70,+005.84,+005.86,+005.87,+006.10",,,,
2026-01-16T08:24:14Z,1200,9f48: @w1r,1768551816,"Moist,+008.60,+007.96,+001.76,+000.92,+001.09,+000.50,+000.57,+000.78","Temp,+005.92,+006.06,+005.66,+005.51,+005.13,+005.25,+005.36,+005.48",,,,
2026-01-16T09:23:26Z,1201,hub,1768555367,"Moist,+001.90,+004.30,+001.37,+000.58,+001.43,+000.88,+001.23,+001.53","Temp,+005.23,+005.10,+004.93,+004.87,+005.03,+005.03,+005.08,+005.33",,,,
2026-01-16T09:24:20Z,1202,9f48: @w1r,1768555421,"Moist,+008.63,+008.01,+001.79,+001.01,+001.05,+000.46,+000.62,+000.82","Temp,+005.08,+005.14,+004.83,+004.68,+004.32,+004.48,+004.53,+004.77",,,,
2026-01-16T10:23:31Z,1203,hub,1768558972,"Moist,+001.85,+004.23,+001.39,+000.78,+001.44,+000.95,+001.25,+001.55","Temp,+004.93,+004.81,+004.69,+004.64,+004.70,+004.71,+004.81,+005.08",,,,
2026-01-16T10:24:26Z,1204,9f48: @w1r,1768559026,"Moist,+008.67,+008.04,+001.76,+001.05,+001.06,+000.49,+000.58,+000.81","Temp,+004.74,+004.88,+004.55,+004.45,+004.10,+004.22,+004.31,+004.57",,,,
2026-01-16T11:23:37Z,1205,hub,1768562577,"Moist,+001.87,+004.30,+001.41,+000.72,+001.46,+000.90,+001.31,+001.53","Temp,+004.80,+004.67,+004.56,+004.50,+004.66,+004.68,+004.71,+005.03",,,,
2026-01-16T11:24:32Z,1206,9f48: @w1r,1768562631,"Moist,+008.66,+008.04,+001.76,+001.07,+001.09,+000.52,+000.57,+000.78","Temp,+004.67,+004.78,+004.55,+004.41,+004.06,+004.18,+004.30,+004.54",,,,
2026-01-16T12:23:43Z,1207,hub,1768566183,"Moist,+001.96,+004.29,+001.42,+000.66,+001.44,+000.90,+001.25,+001.61","Temp,+005.39,+005.26,+005.15,+005.09,+005.28,+005.27,+005.28,+005.51",,,,
2026-01-16T12:24:38Z,1208,9f48: @w1r,1768566237,"Moist,+008.57,+008.02,+001.74,+000.96,+001.08,+000.47,+000.58,+000.75","Temp,+005.37,+005.37,+005.14,+005.05,+004.65,+004.77,+004.89,+005.09",,,,
2026-01-16T13:23:49Z,1209,hub,1768569788,"Moist,+001.92,+004.32,+001.45,+000.71,+001.50,+000.96,+001.33,+001.64","Temp,+006.81,+006.56,+006.51,+006.41,+006.57,+006.53,+006.58,+006.79",,,,
2026-01-16T13:24:44Z,1210,9f48: @w1r,1768569842,"Moist,+008.49,+007.93,+001.84,+000.94,+001.81,+000.72,+001.55,+001.44","Temp,+006.79,+006.78,+006.48,+006.35,+005.95,+006.07,+006.07,+006.31",,,,
2026-01-16T14:23:55Z,1211,hub,1768573394,"Moist,+001.94,+004.30,+001.43,+000.72,+001.48,+001.00,+001.37,+001.70","Temp,+009.48,+008.32,+008.23,+008.42,+008.63,+008.63,+008.62,+008.71",,,,
2026-01-16T14:24:50Z,1212,9f48: @w1r,1768573447,"Moist,+008.22,+007.84,+001.86,+000.90,+001.76,+000.70,+001.50,+001.44","Temp,+009.69,+009.16,+009.29,+009.40,+008.67,+008.56,+008.44,+008.68",,,,
2026-01-16T15:24:01Z,1213,hub,1768576999,"Moist,+002.21,+004.52,+001.36,+000.86,+001.49,+001.12,+001.37,+001.92","Temp,+018.16,+014.81,+016.63,+019.44,+020.30,+020.58,+020.30,+019.82",,,,
2026-01-16T15:24:56Z,1214,9f48: @w1r,1768577053,"Moist,+007.82,+007.75,+002.45,+000.68,+000.90,+000.36,+000.62,+000.83","Temp,+020.81,+018.61,+018.99,+021.92,+023.45,+024.17,+024.64,+025.11",,,,
2026-01-16T16:24:07Z,1215,hub,1768580605,"Moist,+001.85,+004.44,+001.14,+000.86,+001.22,+000.93,+001.15,+001.55","Temp,+025.14,+022.79,+026.81,+030.65,+032.24,+031.73,+030.47,+028.93",,,,
2026-01-16T16:25:02Z,1216,9f48: @w1r,1768580659,"Moist,+002.81,+009.45,+005.36,+001.06,+001.21,+001.58,+000.99,+001.57","Temp,+027.94,+025.71,+027.85,+032.94,+033.26,+033.50,+033.57,+033.90",,,,
2026-01-16T17:24:14Z,1217,hub,1768584211,"Moist,+001.64,+004.11,+000.92,+000.79,+001.14,+000.87,+001.04,+001.32","Temp,+033.31,+031.76,+035.07,+034.20,+036.50,+035.78,+032.71,+033.53",,,,
2026-01-16T18:24:21Z,1218,hub,1768587818,"Moist,+001.57,+003.98,+000.77,+000.82,+001.12,+000.80,+000.89,+001.28","Temp,+036.13,+035.30,+038.35,+037.63,+039.83,+039.47,+038.80,+038.37",,,,
2026-01-16T19:47:58Z,1219,hub,,"Moist,+001.94,+006.38,+002.79,+000.59,+001.15,+002.03,+000.55,+000.78","Temp,+026.85,+027.53,+028.33,+027.97,+028.81,+029.08,+028.83,+028.80",,,,
2026-01-16T19:50:56Z,1220,hub,1768592888,"Moist,+001.95,+006.33,+002.76,+000.62,+001.20,+002.02,+000.58,+000.78","Temp,+026.73,+027.40,+028.21,+027.81,+028.70,+028.94,+028.69,+028.69",,,,
2026-01-16T19:52:13Z,1221,hub,,"Moist,+001.99,+006.31,+002.87,+000.58,+001.21,+002.01,+000.72,+000.79","Temp,+026.05,+026.71,+027.39,+027.15,+027.87,+028.21,+027.98,+027.98",,,,
2026-01-16T20:03:43Z,1222,hub,1768593790,"Moist,+001.97,+006.37,+002.88,+000.71,+001.38,+002.19,+000.70,+000.87","Temp,+024.19,+024.90,+025.19,+025.11,+025.61,+025.85,+025.80,+025.84",,,,
2026-01-16T20:08:45Z,1223,hub,1768594092,"Moist,+002.00,+006.23,+002.87,+000.65,+001.36,+002.19,+000.66,+000.89","Temp,+023.51,+024.19,+024.33,+024.37,+024.69,+025.02,+025.03,+025.12",,,,
2026-01-16T20:09:39Z,1224,9f48: @w1r,1768594145,"Moist,+003.05,+009.94,+005.87,+001.61,+001.48,+002.12,+001.26,+001.51","Temp,+020.81,+020.88,+020.87,+021.00,+020.62,+020.74,+020.82,+021.06",,,,
2026-01-16T20:12:49Z,1225,hub,1768594336,"Moist,+001.91,+006.26,+002.84,+000.60,+001.30,+002.30,+000.62,+000.87","Temp,+023.13,+023.71,+023.84,+023.91,+024.20,+024.45,+024.54,+024.66","Batt,4.04",,,
2026-01-16T20:13:43Z,1226,9f48: @w1r,1768594389,"Moist,+003.05,+009.94,+005.87,+001.62,+001.57,+002.14,+001.28,+001.51","Temp,+020.81,+020.91,+020.87,+021.00,+020.62,+020.75,+020.85,+021.09","Batt,3.92",,,
2026-01-16T20:15:38Z,1227,hub,1768594505,"Moist,+001.92,+006.29,+002.87,+000.62,+001.34,+002.29,+000.62,+000.84","Temp,+022.90,+023.48,+023.59,+023.57,+023.91,+024.19,+024.21,+024.36","Batt,4.01",,,
2026-01-16T20:16:33Z,1228,9f48: @w1r,1768594559,"Moist,+003.06,+009.94,+005.88,+001.63,+001.51,+002.16,+001.28,+001.52","Temp,+020.82,+020.92,+020.87,+021.04,+020.65,+020.76,+020.85,+021.09","Batt,3.92",,,
2026-01-16T22:37:52Z,1229,hub,,"Moist,+002.12,+005.91,+002.78,+000.90,+001.24,+001.06,+000.85,+000.99","Temp,+020.44,+020.53,+020.49,+020.54,+020.54,+020.54,+020.65,+020.89","Batt,5.07",,,
2026-01-16T22:38:44Z,1230,9f48: @w1r,1768603079,"Moist,+003.23,+010.04,+006.23,+001.19,+002.91,+001.43,+001.82,+002.72","Temp,+020.66,+020.75,+020.75,+020.88,+020.50,+020.62,+020.74,+020.96","Batt,3.93",,,
2026-01-16T22:43:06Z,1231,hub,,"Moist,+002.02,+005.87,+002.71,+000.87,+001.25,+001.04,+000.84,+000.93","Temp,+020.32,+020.48,+020.35,+020.45,+020.43,+020.43,+020.54,+020.77","Batt,3.23",,,
2026-01-16T22:43:56Z,1232,9f48: @w1r,1768603397,"Moist,+003.20,+010.06,+006.26,+001.15,+002.89,+001.51,+001.86,+002.88","Temp,+020.57,+020.63,+020.64,+020.76,+020.39,+020.50,+020.62,+020.86","Batt,3.93",,,
2026-01-16T22:44:42Z,1233,hub,1768603447,"Moist,+002.02,+005.87,+002.81,+000.92,+001.24,+001.05,+000.84,+001.00","Temp,+020.29,+020.43,+020.31,+020.38,+020.42,+020.41,+020.53,+020.77","Batt,4.02",,,
2026-01-16T22:45:34Z,1234,9f48: @w1r,1768603500,"Moist,+003.39,+010.06,+006.25,+001.15,+002.89,+001.50,+001.82,+002.88","Temp,+020.55,+020.63,+020.64,+020.76,+020.38,+020.50,+020.62,+020.86","Batt,3.95",,,
2026-01-16T22:58:19Z,1235,hub,,"Moist,+006.81,+005.35,+004.88,+003.98,+004.73,+003.68,+004.43,+005.57","Temp,+022.77,+022.65,+022.54,+022.61,+023.26,+022.65,+022.66,+022.89","Batt,5.06",,,
2026-01-16T22:59:10Z,1236,9f48: @w1r,1768604305,"Moist,+004.83,+009.32,+010.47,+004.69,+003.10,+003.97,+004.90,+005.90","Temp,+021.62,+021.93,+021.95,+022.07,+021.71,+022.16,+021.99,+022.26","Batt,3.95",,,
2026-01-16T23:00:26Z,1237,hub,,"Moist,+006.57,+005.31,+004.89,+003.98,+004.51,+003.48,+003.58,+005.18","Temp,+023.48,+023.31,+023.24,+023.20,+023.75,+023.27,+023.25,+023.47","Batt,5.06",,,
2026-01-16T23:01:17Z,1238,9f48: @w1r,1768604433,"Moist,+004.67,+009.11,+009.72,+004.65,+003.20,+004.00,+004.85,+005.82","Temp,+021.99,+022.40,+022.48,+022.60,+022.28,+022.67,+022.62,+022.87","Batt,4.00",,,
2026-01-17T00:00:21Z,1239,hub,1768607985,"Moist,+006.73,+005.59,+005.33,+004.33,+004.97,+003.72,+003.80,+005.54","Temp,+021.00,+020.99,+021.00,+021.11,+021.16,+021.23,+021.21,+021.32","Batt,5.06",,,
2026-01-17T00:01:13Z,1240,9f48: @w1r,1768608039,"Moist,+004.30,+008.70,+010.05,+004.81,+003.10,+004.14,+005.47,+006.12","Temp,+020.69,+020.98,+021.11,+021.35,+020.87,+020.97,+021.05,+021.09","Batt,3.93",,,
2026-01-17T01:00:26Z,1241,hub,1768611591,"Moist,+006.71,+005.58,+005.34,+004.31,+004.96,+003.77,+003.81,+005.51","Temp,+017.67,+017.59,+017.69,+017.88,+017.87,+017.89,+017.92,+018.04","Batt,5.06",,,
2026-01-17T01:01:20Z,1242,9f48: @w1r,1768611645,"Moist,+004.26,+008.71,+010.08,+004.86,+003.04,+004.16,+005.21,+006.12","Temp,+018.21,+018.17,+018.05,+018.16,+017.71,+017.77,+017.77,+017.85","Batt,3.93",,,
2026-01-17T02:00:32Z,1243,hub,1768615197,"Moist,+006.73,+005.60,+005.34,+004.26,+004.92,+003.69,+003.80,+005.52","Temp,+015.68,+015.55,+015.58,+015.76,+015.81,+015.80,+015.80,+015.96","Batt,5.06",,,
2026-01-17T02:01:26Z,1244,9f48: @w1r,1768615251,"Moist,+004.26,+008.70,+010.05,+004.91,+003.07,+004.19,+005.27,+006.18","Temp,+016.32,+016.25,+016.14,+016.15,+015.69,+015.76,+015.75,+015.84","Batt,3.93",,,
2026-01-17T03:00:38Z,1245,hub,1768618803,"Moist,+006.74,+005.53,+005.33,+004.25,+004.92,+003.82,+003.79,+005.46","Temp,+014.26,+014.13,+014.23,+014.39,+014.39,+014.37,+014.41,+014.60","Batt,5.06",,,
2026-01-17T03:01:34Z,1246,9f48: @w1r,1768618857,"Moist,+004.32,+008.79,+010.06,+004.94,+003.09,+004.24,+005.36,+006.29","Temp,+015.01,+014.95,+014.75,+014.75,+014.35,+014.35,+014.35,+014.47","Batt,3.91",,,
2026-01-17T04:00:45Z,1247,hub,1768622409,"Moist,+006.69,+005.47,+005.19,+004.16,+004.84,+003.66,+003.76,+005.42","Temp,+015.32,+015.09,+015.14,+015.28,+015.32,+015.20,+015.20,+015.32","Batt,5.06",,,
2026-01-17T04:01:40Z,1248,9f48: @w1r,1768622463,"Moist,+004.42,+008.87,+010.00,+004.85,+003.07,+004.18,+005.38,+006.29","Temp,+015.73,+015.70,+015.59,+015.56,+015.18,+015.17,+015.18,+015.42","Batt,3.89",,,
2026-01-17T05:00:51Z,1249,hub,1768626014,"Moist,+006.61,+005.44,+005.16,+004.15,+004.83,+003.66,+003.75,+005.40","Temp,+015.67,+015.55,+015.56,+015.69,+015.69,+015.68,+015.69,+015.80","Batt,5.06",,,
2026-01-17T05:01:45Z,1250,9f48: @w1r,1768626068,"Moist,+004.37,+008.83,+009.88,+004.81,+003.04,+004.08,+005.16,+006.11","Temp,+015.72,+015.78,+015.79,+015.91,+015.41,+015.53,+015.54,+015.73","Batt,3.85",,,
2026-01-17T06:00:57Z,1251,hub,1768629620,"Moist,+006.66,+005.51,+005.31,+004.26,+004.96,+003.74,+003.86,+005.49","Temp,+014.92,+014.84,+014.85,+014.98,+014.98,+014.97,+014.98,+015.09","Batt,5.06",,,
2026-01-17T06:01:52Z,1252,9f48: @w1r,1768629675,"Moist,+004.33,+008.76,+009.97,+004.86,+003.06,+004.08,+005.10,+006.04","Temp,+015.01,+015.07,+015.07,+015.13,+014.70,+014.80,+014.82,+014.96","Batt,3.85",,,
2026-01-17T07:01:03Z,1253,hub,1768633226,"Moist,+006.53,+005.37,+005.22,+004.15,+004.82,+003.77,+003.74,+005.41","Temp,+013.55,+013.46,+013.43,+013.54,+013.56,+013.45,+013.44,+013.53","Batt,5.06",,,
2026-01-17T07:01:58Z,1254,9f48: @w1r,1768633280,"Moist,+004.33,+008.76,+009.83,+004.75,+003.05,+004.00,+005.07,+005.99","Temp,+013.48,+013.53,+013.49,+013.56,+013.17,+013.26,+013.29,+013.44","Batt,3.82",,,
2026-01-17T08:01:10Z,1255,hub,1768636832,"Moist,+006.54,+005.44,+005.17,+004.14,+004.83,+003.77,+003.75,+005.40","Temp,+013.90,+013.80,+013.79,+013.90,+013.91,+013.90,+013.91,+014.02","Batt,5.06",,,
2026-01-17T08:02:04Z,1256,9f48: @w1r,1768636886,"Moist,+004.34,+008.79,+009.85,+004.79,+003.03,+004.03,+005.01,+005.94","Temp,+013.95,+014.01,+014.02,+014.07,+013.64,+013.76,+013.80,+013.98","Batt,3.78",,,
2026-01-17T09:01:16Z,1257,hub,1768640437,"Moist,+006.56,+005.40,+005.17,+004.19,+004.89,+003.76,+003.75,+005.40","Temp,+013.55,+013.54,+013.54,+013.63,+013.68,+013.66,+013.66,+013.78","Batt,5.03",,,
2026-01-17T09:02:10Z,1258,9f48: @w1r,1768640491,"Moist,+004.36,+008.75,+009.87,+004.78,+003.01,+004.01,+005.02,+005.93","Temp,+013.71,+013.77,+013.78,+013.81,+013.40,+013.52,+013.53,+013.65","Batt,3.77",,,
2026-01-17T10:01:22Z,1259,hub,1768644043,"Moist,+006.56,+005.38,+005.23,+004.17,+004.88,+003.79,+003.74,+005.41","Temp,+013.20,+013.19,+013.20,+013.27,+013.32,+013.31,+013.31,+013.43","Batt,5.06",,,
2026-01-17T10:02:17Z,1260,9f48: @w1r,1768644097,"Moist,+004.26,+008.74,+009.85,+004.73,+002.97,+003.97,+005.01,+005.90","Temp,+013.36,+013.42,+013.42,+013.44,+013.05,+013.15,+013.17,+013.29","Batt,3.75",,,
2026-01-17T11:01:28Z,1261,hub,1768647649,"Moist,+006.54,+005.43,+005.20,+004.23,+004.89,+003.65,+003.77,+005.36","Temp,+012.48,+012.48,+012.49,+012.57,+012.61,+012.60,+012.62,+012.72","Batt,5.06",,,
2026-01-17T11:02:23Z,1262,9f48: @w1r,1768647703,"Moist,+004.26,+008.67,+009.80,+004.77,+003.01,+003.95,+004.93,+005.89","Temp,+012.65,+012.73,+012.71,+012.80,+012.34,+012.46,+012.46,+012.59","Batt,3.72",,,
2026-01-17T12:01:34Z,1263,hub,1768651254,"Moist,+006.53,+005.47,+005.32,+004.22,+004.93,+003.70,+003.73,+005.44","Temp,+011.66,+011.65,+011.64,+011.73,+011.78,+011.77,+011.78,+011.89","Batt,5.03",,,
2026-01-17T12:02:29Z,1264,9f48: @w1r,1768651309,"Moist,+004.23,+008.64,+009.89,+004.80,+002.96,+003.97,+004.90,+005.83","Temp,+011.82,+011.88,+011.89,+011.94,+011.51,+011.61,+011.63,+011.76","Batt,3.71",,,
2026-01-17T13:01:40Z,1265,hub,1768654860,"Moist,+006.51,+005.44,+005.32,+004.28,+004.98,+003.62,+003.74,+005.36","Temp,+010.45,+010.35,+010.36,+010.44,+010.48,+010.46,+010.46,+010.57","Batt,5.00",,,
2026-01-17T13:02:35Z,1266,9f48: @w1r,1768654914,"Moist,+004.06,+008.47,+009.77,+004.73,+002.92,+003.87,+004.80,+005.70","Temp,+010.49,+010.52,+010.47,+010.59,+010.19,+010.21,+010.28,+010.41","Batt,3.69",,,
2026-01-17T14:01:46Z,1267,hub,1768658466,"Moist,+006.41,+005.29,+005.07,+003.98,+004.72,+003.46,+003.58,+005.19","Temp,+009.88,+009.80,+009.77,+009.84,+009.93,+009.98,+009.86,+009.88","Batt,5.04",,,
2026-01-17T14:02:41Z,1268,9f48: @w1r,1768658520,"Moist,+004.29,+008.69,+009.60,+004.67,+002.89,+003.84,+004.86,+005.77","Temp,+009.93,+010.06,+009.87,+009.89,+009.62,+009.68,+009.80,+009.97","Batt,3.68",,,
2026-01-17T15:01:52Z,1269,hub,1768662071,"Moist,+006.30,+005.02,+004.74,+003.81,+004.48,+003.47,+003.47,+005.05","Temp,+015.91,+016.26,+016.27,+016.45,+016.75,+017.09,+016.87,+016.27","Batt,5.06",,,
2026-01-17T15:02:47Z,1270,9f48: @w1r,1768662125,"Moist,+004.59,+009.07,+009.57,+004.65,+002.96,+003.86,+004.90,+005.82","Temp,+014.10,+014.51,+014.53,+014.49,+014.47,+014.71,+015.18,+015.77","Batt,3.68",,,
2026-01-17T16:01:59Z,1271,hub,1768665677,"Moist,+006.25,+004.75,+004.25,+003.53,+004.11,+003.25,+003.38,+004.90","Temp,+026.91,+028.20,+028.57,+028.76,+029.52,+030.80,+031.18,+031.29","Batt,5.06",,,
2026-01-17T16:02:53Z,1272,9f48: @w1r,1768665731,"Moist,+005.58,+009.87,+008.84,+004.24,+002.85,+003.77,+004.72,+005.94","Temp,+026.25,+027.84,+028.80,+029.06,+028.85,+029.03,+029.83,+030.55","Batt,3.82",,,
2026-01-17T17:02:06Z,1273,hub,1768669283,"Moist,+006.03,+004.51,+003.82,+003.17,+003.68,+002.98,+003.22,+004.53","Temp,+030.70,+032.35,+033.00,+033.25,+034.33,+036.13,+037.33,+038.62","Batt,5.06",,,
2026-01-17T17:03:00Z,1274,9f48: @w1r,1768669337,"Moist,+006.06,+010.34,+008.57,+004.25,+002.83,+003.84,+004.73,+005.85","Temp,+035.47,+037.94,+039.14,+038.26,+037.54,+038.12,+038.50,+038.45","Batt,3.94",,,
2026-01-17T18:02:12Z,1275,hub,1768672890,"Moist,+006.17,+004.77,+004.15,+003.32,+003.87,+003.02,+003.14,+004.76","Temp,+034.78,+036.13,+036.61,+036.68,+037.80,+039.64,+041.11,+042.52","Batt,5.06",,,
2026-01-17T18:03:08Z,1276,9f48: @w1r,1768672944,"Moist,+005.58,+010.15,+008.97,+004.32,+002.83,+003.63,+004.48,+005.58","Temp,+037.48,+040.73,+042.63,+042.05,+040.90,+041.67,+042.18,+042.14","Batt,3.99",,,
2026-01-17T19:02:20Z,1277,hub,1768676496,"Moist,+006.42,+004.89,+004.35,+003.63,+004.09,+003.31,+003.36,+004.96","Temp,+035.54,+037.07,+037.67,+037.98,+039.01,+041.00,+042.65,+044.52","Batt,5.06",,,
2026-01-17T19:03:15Z,1278,9f48: @w1r,1768676551,"Moist,+004.83,+009.59,+009.27,+004.18,+002.78,+003.72,+004.31,+005.38","Temp,+040.64,+043.78,+045.30,+044.30,+043.17,+043.89,+044.27,+044.03","Batt,4.03",,,
2026-01-17T20:02:27Z,1279,hub,1768680103,"Moist,+006.61,+005.23,+004.85,+003.99,+004.70,+003.51,+003.61,+005.23","Temp,+025.50,+026.43,+026.62,+026.75,+027.28,+028.33,+029.20,+030.10","Batt,5.06",,,
2026-01-17T20:03:21Z,1280,9f48: @w1r,1768680157,"Moist,+004.74,+009.34,+009.64,+004.47,+002.89,+003.84,+004.53,+005.56","Temp,+027.90,+029.62,+030.33,+030.13,+029.25,+029.61,+029.71,+029.50","Batt,4.04",,,
2026-01-17T21:02:33Z,1281,hub,1768683709,"Moist,+006.69,+005.24,+004.80,+003.93,+004.62,+003.44,+003.52,+005.27","Temp,+031.05,+031.75,+031.90,+031.89,+032.50,+033.78,+034.78,+035.90","Batt,5.06",,,
2026-01-17T21:03:28Z,1282,9f48: @w1r,1768683763,"Moist,+004.67,+009.43,+009.88,+004.50,+002.86,+003.82,+004.48,+005.52","Temp,+032.36,+034.83,+035.91,+035.54,+034.61,+035.16,+035.52,+035.51","Batt,4.06",,,
2026-01-17T22:02:40Z,1283,hub,1768687315,"Moist,+006.73,+005.35,+004.88,+004.04,+004.56,+003.52,+003.66,+005.31","Temp,+028.58,+029.16,+029.16,+029.00,+029.52,+030.45,+031.13,+031.88","Batt,5.06",,,
2026-01-17T22:03:34Z,1284,9f48: @w1r,1768687369,"Moist,+004.58,+009.16,+009.94,+004.74,+002.95,+003.98,+004.57,+005.58","Temp,+027.79,+030.33,+031.33,+031.41,+030.55,+031.08,+031.38,+031.37","Batt,4.08",,,
2026-01-17T23:02:47Z,1285,hub,1768690921,"Moist,+006.71,+005.51,+005.23,+004.30,+005.00,+003.77,+003.75,+005.53","Temp,+020.90,+021.24,+021.24,+021.19,+021.48,+021.82,+022.14,+022.31","Batt,5.06",,,
2026-01-17T23:03:42Z,1286,9f48: @w1r,1768690976,"Moist,+004.73,+009.18,+009.88,+004.67,+003.07,+003.91,+004.70,+005.74","Temp,+019.98,+021.09,+021.54,+021.95,+021.44,+021.76,+021.81,+021.80","Batt,4.09",,,
2026-01-18T00:02:53Z,1287,hub,1768694527,"Moist,+006.84,+005.81,+005.77,+004.68,+005.43,+003.99,+003.98,+005.73","Temp,+014.73,+014.84,+014.86,+015.04,+015.12,+015.23,+015.36,+015.56","Batt,5.06",,,
2026-01-18T00:03:48Z,1288,9f48: @w1r,1768694581,"Moist,+004.36,+008.79,+010.11,+004.77,+003.02,+003.88,+004.77,+005.61","Temp,+015.10,+015.31,+015.43,+015.68,+015.18,+015.21,+015.18,+015.18","Batt,4.03",,,
2026-01-18T01:03:00Z,1289,hub,1768698133,"Moist,+006.70,+005.68,+005.57,+004.55,+005.23,+003.86,+003.91,+005.56","Temp,+012.59,+012.48,+012.49,+012.57,+012.61,+012.56,+012.58,+012.72","Batt,5.06",,,
2026-01-18T01:03:54Z,1290,9f48: @w1r,1768698187,"Moist,+004.38,+008.73,+009.95,+004.75,+002.97,+003.86,+004.64,+005.60","Temp,+012.64,+012.70,+012.65,+012.72,+012.34,+012.35,+012.44,+012.57","Batt,4.04",,,
2026-01-18T02:03:06Z,1291,hub,1768701739,"Moist,+006.62,+005.55,+005.48,+004.31,+005.09,+003.71,+003.85,+005.48","Temp,+010.83,+010.70,+010.62,+010.77,+010.75,+010.67,+010.60,+010.71","Batt,5.06",,,
2026-01-18T02:04:00Z,1292,9f48: @w1r,1768701792,"Moist,+004.34,+008.71,+009.85,+004.73,+002.88,+003.75,+004.61,+005.56","Temp,+010.65,+010.70,+010.67,+010.71,+010.33,+010.42,+010.45,+010.57","Batt,4.01",,,
2026-01-18T03:03:12Z,1293,hub,1768705344,"Moist,+006.69,+005.60,+005.48,+004.35,+005.12,+003.75,+003.84,+005.49","Temp,+009.42,+009.29,+009.26,+009.37,+009.41,+009.28,+009.19,+009.29","Batt,5.06",,,
2026-01-18T03:04:06Z,1294,9f48: @w1r,1768705398,"Moist,+004.28,+008.69,+009.96,+004.78,+002.95,+003.78,+004.72,+005.64","Temp,+009.33,+009.28,+009.24,+009.31,+008.95,+009.02,+009.03,+009.15","Batt,4.02",,,
2026-01-18T04:03:18Z,1295,hub,1768708950,"Moist,+006.58,+005.57,+005.44,+004.24,+005.03,+003.64,+003.77,+005.45","Temp,+008.05,+007.86,+007.79,+007.95,+008.00,+007.86,+007.76,+007.87","Batt,5.06",,,
2026-01-18T04:04:13Z,1296,9f48: @w1r,1768709004,"Moist,+004.27,+008.77,+009.96,+004.82,+002.94,+003.81,+004.71,+005.61","Temp,+007.89,+007.86,+007.75,+007.87,+007.49,+007.56,+007.61,+007.73","Batt,4.02",,,
2026-01-18T05:03:24Z,1297,hub,1768712555,"Moist,+006.59,+005.49,+005.41,+004.23,+005.00,+003.63,+003.79,+005.38","Temp,+006.57,+006.37,+006.34,+006.45,+006.47,+006.33,+006.25,+006.34","Batt,5.06",,,
2026-01-18T05:04:18Z,1298,9f48: @w1r,1768712609,"Moist,+004.32,+008.86,+009.91,+004.97,+002.95,+003.78,+004.77,+005.70","Temp,+006.38,+006.34,+006.32,+006.34,+005.97,+006.07,+006.07,+006.24","Batt,3.97",,,
2026-01-18T06:03:30Z,1299,hub,1768716161,"Moist,+006.54,+005.47,+005.38,+004.17,+004.96,+003.55,+003.75,+005.34","Temp,+005.03,+004.80,+004.77,+004.87,+005.02,+004.84,+004.81,+004.92","Batt,5.05",,,
2026-01-18T06:04:24Z,1300,9f48: @w1r,1768716215,"Moist,+004.45,+008.90,+009.88,+005.17,+002.93,+003.77,+004.82,+005.69","Temp,+004.84,+004.90,+004.79,+004.80,+004.42,+004.54,+004.59,+004.77","Batt,3.95",,,
2026-01-18T07:03:36Z,1301,hub,1768719766,"Moist,+006.52,+005.51,+005.37,+004.23,+004.97,+003.60,+003.71,+005.42","Temp,+003.72,+003.49,+003.41,+003.56,+003.63,+003.49,+003.49,+003.61","Batt,5.06",,,
2026-01-18T07:04:30Z,1302,9f48: @w1r,1768719820,"Moist,+004.47,+009.03,+009.86,+005.30,+002.99,+003.78,+004.85,+005.70","Temp,+003.66,+003.72,+003.59,+003.50,+003.11,+003.24,+003.32,+003.47","Batt,3.94",,,
2026-01-18T08:03:42Z,1303,hub,1768723371,"Moist,+006.52,+005.49,+005.35,+004.16,+004.93,+003.49,+003.70,+005.34","Temp,+002.67,+002.43,+002.35,+002.51,+002.68,+002.52,+002.46,+002.64","Batt,5.06",,,
2026-01-18T08:04:36Z,1304,9f48: @w1r,1768723425,"Moist,+004.54,+009.03,+009.85,+005.39,+002.87,+003.73,+004.81,+005.69","Temp,+002.83,+002.78,+002.66,+002.56,+002.17,+002.29,+002.38,+002.53","Batt,3.95",,,
2026-01-18T09:03:47Z,1305,hub,1768726977,"Moist,+006.50,+005.45,+005.38,+004.14,+004.89,+003.48,+003.64,+005.34","Temp,+001.86,+001.60,+001.52,+001.68,+001.75,+001.60,+001.52,+001.72","Batt,5.04",,,
2026-01-18T09:04:42Z,1306,9f48: @w1r,1768727031,"Moist,+004.56,+009.03,+009.83,+005.43,+002.89,+003.73,+004.88,+005.70","Temp,+001.78,+001.83,+001.72,+001.61,+001.22,+001.34,+001.45,+001.58","Batt,3.91",,,
2026-01-18T10:03:53Z,1307,hub,1768730582,"Moist,+006.39,+005.35,+005.25,+004.08,+004.84,+003.49,+003.63,+005.18","Temp,+001.49,+001.24,+001.14,+001.24,+001.38,+001.13,+001.06,+001.19","Batt,5.06",,,
2026-01-18T10:04:48Z,1308,9f48: @w1r,1768730636,"Moist,+004.64,+009.13,+009.81,+005.50,+002.85,+003.70,+004.89,+005.70","Temp,+001.25,+001.26,+001.16,+001.04,+000.70,+000.83,+000.98,+001.11","Batt,3.93",,,
2026-01-18T11:03:59Z,1309,hub,1768734187,"Moist,+006.40,+005.41,+005.29,+004.01,+004.88,+003.47,+003.66,+005.21","Temp,+001.01,+000.77,+000.75,+000.85,+000.98,+000.78,+000.68,+000.79","Batt,5.06",,,
2026-01-18T11:04:54Z,1310,9f48: @w1r,1768734241,"Moist,+004.77,+009.12,+009.83,+005.46,+002.89,+003.74,+004.87,+005.78","Temp,+000.82,+000.88,+000.77,+000.70,+000.36,+000.41,+000.52,+000.72","Batt,3.92",,,
2026-01-18T12:04:05Z,1311,hub,1768737793,"Moist,+006.43,+005.37,+005.27,+004.14,+004.83,+003.45,+003.62,+005.17","Temp,+000.54,+000.30,+000.24,+000.38,+000.52,+000.30,+000.23,+000.39","Batt,5.06",,,
2026-01-18T12:04:59Z,1312,9f48: @w1r,1768737847,"Moist,+004.64,+009.09,+009.74,+005.49,+002.88,+003.67,+004.96,+005.76","Temp,+000.38,+000.41,+000.30,+000.29,-000.06,+000.01,+000.07,+000.28","Batt,3.88",,,
2026-01-18T13:04:10Z,1313,hub,1768741398,"Moist,+006.32,+005.32,+005.17,+004.03,+004.81,+003.38,+003.54,+005.28","Temp,-000.62,-000.83,-000.91,-000.79,-000.64,-000.86,-000.89,-000.74","Batt,5.06",,,
2026-01-18T13:05:05Z,1314,9f48: @w1r,1768741452,"Moist,+004.71,+009.12,+009.71,+005.57,+002.85,+003.68,+005.01,+005.70","Temp,-000.80,-000.76,-000.84,-000.90,-001.26,-001.13,-001.03,-000.88","Batt,3.89",,,
2026-01-18T14:04:16Z,1315,hub,1768745003,"Moist,+006.28,+005.18,+004.98,+003.84,+004.53,+003.19,+003.41,+004.96","Temp,+001.30,+001.19,+001.06,+001.42,+001.83,+002.43,+002.30,+002.08","Batt,5.06",,,
2026-01-18T14:05:11Z,1316,9f48: @w1r,1768745057,"Moist,+004.72,+009.20,+009.71,+005.29,+002.84,+003.71,+004.89,+005.80","Temp,+003.09,+003.23,+002.42,+002.20,+001.81,+001.74,+002.05,+002.05","Batt,3.88",,,
2026-01-18T15:04:22Z,1317,hub,1768748608,"Moist,+005.91,+004.68,+004.15,+003.24,+003.93,+003.03,+003.05,+004.42","Temp,+012.03,+012.01,+011.67,+011.49,+011.78,+013.07,+012.97,+012.19","Batt,5.06",,,
2026-01-18T15:05:17Z,1318,9f48: @w1r,1768748663,"Moist,+005.48,+009.86,+009.01,+004.34,+002.80,+003.70,+005.37,+006.82","Temp,+007.04,+007.47,+007.38,+007.87,+009.26,+009.13,+009.75,+011.40","Batt,3.85",,,
2026-01-18T16:04:28Z,1319,hub,1768752214,"Moist,+006.10,+004.57,+003.96,+003.20,+003.92,+003.05,+003.27,+004.58","Temp,+023.82,+024.21,+024.03,+024.27,+025.39,+026.79,+027.16,+027.69","Batt,5.06",,,
2026-01-18T16:05:23Z,1320,9f48: @w1r,1768752268,"Moist,+006.47,+010.52,+008.69,+004.21,+002.97,+003.85,+004.87,+006.19","Temp,+022.30,+023.24,+025.12,+025.97,+026.17,+026.18,+026.65,+027.24","Batt,4.03",,,
2026-01-18T17:04:35Z,1321,hub,1768755820,"Moist,+006.24,+004.56,+004.00,+003.20,+003.81,+003.06,+003.11,+004.82","Temp,+034.84,+035.78,+035.50,+035.50,+036.74,+038.50,+039.81,+041.34","Batt,5.06",,,
2026-01-18T17:05:30Z,1322,9f48: @w1r,1768755875,"Moist,+006.56,+010.92,+008.77,+004.13,+002.88,+003.83,+004.74,+005.90","Temp,+037.60,+040.19,+041.93,+041.10,+039.99,+041.20,+041.87,+041.62","Batt,4.09",,,
2026-01-18T18:04:41Z,1323,hub,1768759427,"Moist,+006.11,+004.51,+003.74,+003.26,+003.68,+002.94,+002.98,+004.52","Temp,+041.44,+043.46,+043.11,+042.67,+043.79,+045.65,+047.10,+048.45","Batt,5.06",,,
2026-01-18T18:05:37Z,1324,9f48: @w1r,1768759481,"Moist,+006.51,+010.75,+008.62,+004.06,+002.77,+003.57,+004.36,+005.53","Temp,+040.59,+044.87,+047.23,+045.95,+044.85,+046.75,+048.29,+048.28","Batt,4.09",,,
2026-01-18T19:04:49Z,1325,hub,1768763033,"Moist,+006.14,+004.60,+003.90,+003.30,+003.77,+002.91,+002.98,+004.57","Temp,+041.14,+041.92,+041.34,+041.53,+043.00,+045.59,+047.50,+049.99","Batt,5.06",,,
2026-01-18T19:05:54Z,1326,9f48: @w1r,1768763098,"Moist,+005.85,+010.64,+008.86,+003.98,+002.71,+003.60,+004.20,+005.29","Temp,+046.47,+050.07,+051.62,+049.70,+048.41,+049.47,+049.94,+049.59","Batt,4.09",,,
2026-01-18T20:04:56Z,1327,hub,1768766640,"Moist,+006.24,+004.62,+003.95,+003.32,+003.86,+002.95,+003.09,+004.75","Temp,+040.39,+041.71,+041.45,+041.41,+042.65,+045.08,+046.90,+049.41","Batt,5.06",,,
2026-01-18T20:05:51Z,1328,9f48: @w1r,1768766694,"Moist,+005.65,+010.50,+009.17,+004.15,+002.71,+003.66,+004.31,+005.58","Temp,+045.17,+049.23,+050.72,+048.82,+047.80,+048.95,+049.35,+048.99","Batt,4.09",,,
2026-01-18T21:05:03Z,1329,hub,1768770246,"Moist,+006.42,+004.94,+004.20,+003.48,+004.00,+003.18,+003.26,+004.83","Temp,+037.52,+038.14,+037.67,+037.80,+038.84,+040.99,+042.88,+045.48","Batt,5.06",,,
2026-01-18T21:05:58Z,1330,9f48: @w1r,1768770300,"Moist,+005.25,+009.94,+009.48,+004.23,+002.72,+003.67,+004.27,+005.26","Temp,+043.12,+046.53,+047.59,+046.22,+044.86,+045.53,+045.41,+044.74","Batt,4.09",,,
2026-01-18T22:05:10Z,1331,hub,1768773853,"Moist,+006.46,+005.03,+004.48,+003.65,+004.23,+003.26,+003.50,+004.98","Temp,+031.41,+032.90,+033.06,+032.97,+033.56,+035.42,+037.09,+039.03","Batt,5.06",,,
2026-01-18T22:06:05Z,1332,9f48: @w1r,1768773907,"Moist,+004.90,+009.71,+009.90,+004.37,+002.85,+003.72,+004.52,+005.46","Temp,+036.04,+039.30,+040.16,+039.32,+038.24,+038.72,+038.59,+037.99","Batt,4.09",,,
2026-01-18T23:05:16Z,1333,hub,1768777459,"Moist,+006.71,+005.42,+005.15,+004.21,+004.90,+003.68,+003.66,+005.43","Temp,+026.68,+027.38,+027.46,+027.39,+027.75,+028.68,+029.65,+030.58","Batt,5.06",,,
2026-01-18T23:06:11Z,1334,9f48: @w1r,1768777513,"Moist,+004.53,+009.32,+010.22,+004.68,+002.90,+003.88,+004.47,+005.49","Temp,+028.38,+030.56,+031.04,+031.05,+030.37,+030.69,+030.20,+029.49","Batt,4.09",,,
2026-01-19T00:05:23Z,1335,hub,1768781065,"Moist,+006.88,+005.89,+005.81,+004.69,+005.37,+003.91,+004.00,+005.75","Temp,+015.09,+015.32,+015.32,+015.52,+015.75,+016.08,+016.39,+016.63","Batt,5.06",,,
2026-01-19T00:06:18Z,1336,9f48: @w1r,1768781119,"Moist,+004.12,+008.43,+010.29,+004.93,+003.03,+004.01,+004.76,+005.64","Temp,+014.78,+016.02,+016.45,+016.97,+016.24,+016.33,+016.24,+016.00","Batt,4.09",,,
2026-01-19T01:05:30Z,1337,hub,1768784671,"Moist,+006.64,+005.69,+005.62,+004.43,+005.21,+003.74,+003.87,+005.53","Temp,+008.12,+008.10,+008.13,+008.35,+008.47,+008.46,+008.49,+008.69","Batt,5.06",,,
2026-01-19T01:06:24Z,1338,9f48: @w1r,1768784725,"Moist,+004.10,+008.47,+010.15,+005.02,+003.03,+003.86,+004.85,+005.64","Temp,+008.61,+008.69,+008.57,+008.66,+008.20,+008.30,+008.32,+008.39","Batt,4.09",,,
2026-01-19T02:05:35Z,1339,hub,1768788277,"Moist,+006.60,+005.64,+005.52,+004.26,+005.08,+003.64,+003.79,+005.41","Temp,+005.98,+005.86,+005.89,+006.16,+006.23,+006.10,+006.11,+006.33","Batt,5.06",,,
2026-01-19T02:06:30Z,1340,9f48: @w1r,1768788330,"Moist,+004.17,+008.68,+010.16,+005.12,+002.94,+003.85,+004.78,+005.71","Temp,+006.62,+006.55,+006.35,+006.36,+006.05,+006.07,+006.06,+006.19","Batt,4.09",,,
2026-01-19T03:05:41Z,1341,hub,1768791882,"Moist,+006.52,+005.52,+005.42,+004.24,+004.99,+003.57,+003.74,+005.41","Temp,+005.27,+005.18,+005.27,+005.46,+005.52,+005.39,+005.40,+005.52","Batt,5.06",,,
2026-01-19T03:06:37Z,1342,9f48: @w1r,1768791936,"Moist,+004.16,+008.63,+010.06,+005.16,+002.94,+003.84,+004.87,+005.75","Temp,+005.79,+005.73,+005.62,+005.62,+005.35,+005.33,+005.29,+005.44","Batt,4.05",,,
2026-01-19T04:05:47Z,1343,hub,1768795487,"Moist,+006.48,+005.51,+005.42,+004.21,+005.00,+003.58,+003.77,+005.33","Temp,+003.73,+003.53,+003.58,+003.80,+003.86,+003.73,+003.74,+003.97","Batt,5.06",,,
2026-01-19T04:06:42Z,1344,9f48: @w1r,1768795541,"Moist,+004.27,+008.79,+010.10,+005.40,+002.97,+003.90,+004.94,+005.77","Temp,+004.02,+004.07,+003.96,+003.96,+003.59,+003.67,+003.71,+003.83","Batt,4.06",,,
2026-01-19T05:05:53Z,1345,hub,1768799093,"Moist,+006.47,+005.47,+005.38,+004.11,+004.94,+003.53,+003.75,+005.41","Temp,+003.14,+002.90,+002.91,+003.16,+003.26,+003.07,+003.05,+003.27","Batt,5.06",,,
2026-01-19T05:06:48Z,1346,9f48: @w1r,1768799147,"Moist,+004.34,+008.83,+010.04,+005.42,+003.00,+003.86,+004.99,+005.84","Temp,+003.43,+003.48,+003.37,+003.26,+002.88,+003.00,+003.07,+003.24","Batt,4.02",,,
2026-01-19T06:05:59Z,1347,hub,1768802698,"Moist,+006.48,+005.45,+005.26,+004.07,+004.86,+003.53,+003.69,+005.34","Temp,+003.48,+003.24,+003.19,+003.34,+003.47,+003.26,+003.18,+003.33","Batt,5.06",,,
2026-01-19T06:06:54Z,1348,9f48: @w1r,1768802752,"Moist,+004.36,+008.88,+010.02,+005.38,+002.98,+003.90,+005.00,+005.92","Temp,+003.43,+003.44,+003.37,+003.36,+003.00,+003.07,+003.12,+003.27","Batt,4.05",,,
2026-01-19T07:06:05Z,1349,hub,1768806304,"Moist,+006.47,+005.48,+005.37,+004.10,+004.88,+003.52,+003.71,+005.30","Temp,+003.38,+003.14,+003.03,+003.22,+003.31,+003.12,+003.03,+003.14","Batt,5.06",,,
2026-01-19T07:07:00Z,1350,9f48: @w1r,1768806358,"Moist,+004.36,+008.84,+010.06,+005.46,+002.98,+004.05,+005.93,+001.41","Temp,+003.20,+003.25,+003.13,+003.14,+002.76,+002.88,+002.94,+003.12","Batt,4.00",,,
2026-01-19T08:06:11Z,1351,hub,1768809909,"Moist,+006.46,+005.44,+005.33,+004.08,+004.90,+003.47,+003.67,+005.31","Temp,+003.38,+003.02,+003.01,+003.16,+003.25,+003.02,+002.91,+003.02","Batt,5.06",,,
2026-01-19T08:07:05Z,1352,9f48: @w1r,1768809963,"Moist,+004.37,+008.87,+010.04,+005.48,+000.00,+004.05,+005.95,+001.72","Temp,+003.11,+003.13,+003.03,+003.02,+002.65,+002.76,+002.86,+003.00","Batt,4.00",,,
2026-01-19T09:06:17Z,1353,hub,1768813514,"Moist,+006.38,+005.42,+005.22,+003.99,+004.78,+003.45,+003.63,+005.26","Temp,+002.14,+001.95,+001.90,+002.04,+002.09,+001.96,+001.97,+002.08","Batt,5.06",,,
2026-01-19T09:07:11Z,1354,9f48: @w1r,1768813568,"Moist,+004.36,+008.88,+009.99,+005.53,+002.94,+003.88,+005.08,+005.88","Temp,+002.01,+002.06,+001.97,+001.97,+001.60,+001.71,+001.81,+001.93","Batt,4.01",,,
2026-01-19T10:06:23Z,1355,hub,1768817119,"Moist,+006.37,+005.39,+005.24,+003.97,+004.81,+003.41,+003.61,+005.19","Temp,+001.96,+001.72,+001.61,+001.71,+001.83,+001.60,+001.53,+001.61","Batt,5.06",,,
2026-01-19T10:07:17Z,1356,9f48: @w1r,1768817173,"Moist,+004.50,+008.91,+009.98,+005.55,+002.93,+003.87,+005.17,+005.95","Temp,+001.65,+001.60,+001.60,+001.56,+001.21,+001.34,+001.46,+001.59","Batt,3.96",,,
2026-01-19T11:06:29Z,1357,hub,1768820725,"Moist,+006.44,+005.43,+005.28,+004.04,+004.82,+003.47,+003.67,+005.20","Temp,+001.27,+001.05,+001.01,+001.09,+001.23,+001.06,+001.02,+001.18","Batt,5.06",,,
2026-01-19T11:07:23Z,1358,9f48: @w1r,1768820779,"Moist,+004.45,+008.88,+010.04,+005.59,+002.92,+003.85,+005.17,+005.90","Temp,+001.18,+001.24,+001.12,+001.08,+000.65,+000.83,+000.90,+001.11","Batt,3.99",,,
2026-01-19T12:06:35Z,1359,hub,1768824330,"Moist,+006.41,+005.37,+005.24,+004.00,+004.84,+003.45,+003.62,+005.18","Temp,+001.18,+000.99,+000.90,+000.98,+001.14,+000.89,+000.90,+001.01","Batt,5.06",,,
2026-01-19T12:07:28Z,1360,9f48: @w1r,1768824384,"Moist,+004.49,+008.93,+010.06,+005.62,+002.91,+003.84,+005.16,+005.96","Temp,+000.93,+001.00,+000.90,+000.81,+000.42,+000.63,+000.75,+000.90","Batt,3.93",,,
2026-01-19T13:06:40Z,1361,hub,1768827935,"Moist,+006.40,+005.39,+005.25,+004.00,+004.81,+003.44,+003.62,+005.19","Temp,+001.22,+001.01,+001.00,+001.09,+001.19,+001.04,+001.02,+001.13","Batt,5.06",,,
2026-01-19T13:07:35Z,1362,9f48: @w1r,1768827989,"Moist,+004.54,+008.97,+010.02,+005.61,+002.90,+003.89,+005.23,+005.98","Temp,+001.09,+001.12,+001.10,+000.99,+000.62,+000.75,+000.87,+001.05","Batt,3.92",,,
2026-01-19T14:06:46Z,1363,hub,1768831541,"Moist,+006.30,+005.18,+004.91,+003.70,+004.49,+003.22,+003.40,+004.90","Temp,+003.85,+003.62,+003.65,+004.00,+004.45,+005.16,+005.43,+005.17","Batt,5.06",,,
2026-01-19T14:07:41Z,1364,9f48: @w1r,1768831595,"Moist,+004.48,+009.08,+009.96,+005.20,+002.94,+003.92,+005.26,+006.13","Temp,+006.35,+006.20,+005.38,+004.92,+004.53,+004.31,+004.78,+004.89","Batt,3.92",,,
2026-01-19T15:06:52Z,1365,hub,1768835146,"Moist,+006.15,+004.74,+004.10,+003.29,+003.90,+002.99,+003.07,+004.47","Temp,+019.81,+020.05,+019.82,+019.09,+019.12,+019.95,+019.59,+018.63","Batt,5.06",,,
2026-01-19T15:07:47Z,1366,9f48: @w1r,1768835200,"Moist,+005.68,+010.12,+009.12,+004.33,+002.95,+003.87,+005.69,+007.21","Temp,+012.40,+012.64,+012.59,+013.60,+014.94,+014.83,+015.85,+017.90","Batt,3.90",,,
2026-01-19T16:06:58Z,1367,hub,1768838752,"Moist,+006.23,+004.72,+004.03,+003.26,+003.94,+003.10,+003.27,+004.66","Temp,+034.72,+036.25,+035.90,+035.29,+036.12,+037.08,+037.20,+036.73","Batt,5.06",,,
2026-01-19T16:07:53Z,1368,9f48: @w1r,1768838806,"Moist,+006.34,+010.85,+009.11,+004.29,+002.89,+003.86,+005.14,+006.58","Temp,+027.31,+029.14,+031.87,+033.19,+033.28,+034.34,+035.14,+036.02","Batt,4.03",,,
2026-01-19T17:07:05Z,1369,hub,1768842358,"Moist,+006.41,+004.75,+004.04,+003.46,+004.05,+003.15,+003.24,+004.82","Temp,+039.47,+040.50,+040.16,+039.76,+040.77,+042.16,+042.77,+043.10","Batt,5.06",,,
2026-01-19T17:08:00Z,1370,9f48: @w1r,1768842412,"Moist,+006.21,+010.59,+009.24,+004.31,+003.03,+003.91,+004.73,+005.89","Temp,+032.15,+036.59,+040.15,+040.51,+039.54,+040.63,+042.48,+042.97","Batt,4.09",,,
2026-01-19T18:07:12Z,1371,hub,1768845965,"Moist,+006.26,+004.59,+003.89,+003.32,+003.89,+003.12,+003.17,+004.88","Temp,+039.62,+040.04,+039.69,+039.48,+040.43,+041.34,+041.70,+041.72","Batt,5.06",,,
2026-01-19T18:08:07Z,1372,9f48: @w1r,1768846019,"Moist,+006.53,+010.88,+009.08,+004.30,+002.97,+003.82,+004.72,+005.96","Temp,+030.40,+034.82,+038.73,+039.21,+038.36,+039.19,+041.08,+042.15","Batt,4.09",,,
2026-01-19T19:07:19Z,1373,hub,1768849571,"Moist,+006.22,+004.51,+003.81,+003.12,+003.75,+003.00,+003.18,+004.79","Temp,+039.31,+039.44,+039.04,+038.81,+039.73,+040.51,+040.76,+040.81","Batt,5.06",,,
2026-01-19T19:08:13Z,1374,9f48: @w1r,1768849625,"Moist,+006.63,+010.88,+009.21,+004.37,+002.94,+003.84,+004.73,+005.92","Temp,+030.37,+034.40,+037.90,+038.50,+037.76,+038.48,+040.15,+041.31","Batt,4.09",,,
2026-01-19T20:07:26Z,1375,hub,1768853178,"Moist,+006.39,+004.73,+004.23,+003.32,+003.88,+003.04,+003.15,+004.79","Temp,+037.79,+037.68,+037.20,+036.92,+037.80,+038.71,+039.01,+039.25","Batt,5.06",,,
2026-01-19T20:08:21Z,1376,9f48: @w1r,1768853232,"Moist,+006.05,+010.62,+009.64,+004.40,+002.98,+003.83,+004.75,+005.83","Temp,+029.21,+033.33,+036.72,+037.20,+036.34,+036.94,+038.36,+039.54","Batt,4.09",,,
2026-01-19T21:07:33Z,1377,hub,1768856784,"Moist,+007.40,+005.85,+005.51,+004.31,+005.04,+003.93,+004.03,+005.44","Temp,+031.38,+031.16,+030.82,+030.69,+031.27,+031.76,+031.89,+031.86","Batt,5.06",,,
2026-01-19T21:08:27Z,1378,9f48: @w1r,1768856838,"Moist,+008.53,+011.63,+008.24,+003.77,+002.65,+003.06,+003.75,+005.08","Temp,+025.06,+027.47,+029.75,+030.34,+029.76,+030.08,+030.67,+031.65","Batt,4.09",,,
2026-01-19T22:07:39Z,1379,hub,1768860390,"Moist,+007.52,+006.06,+005.83,+004.59,+005.33,+004.11,+004.21,+005.76","Temp,+026.68,+026.65,+026.32,+026.28,+026.57,+026.81,+026.80,+026.67","Batt,5.06",,,
2026-01-19T22:08:34Z,1380,9f48: @w1r,1768860444,"Moist,+008.05,+011.63,+008.88,+003.96,+002.71,+003.12,+003.87,+005.12","Temp,+021.64,+023.35,+025.12,+025.61,+025.01,+025.29,+025.71,+026.55","Batt,4.09",,,
2026-01-19T23:07:46Z,1381,hub,1768863996,"Moist,+007.65,+006.40,+006.14,+004.86,+005.68,+004.27,+004.32,+006.01","Temp,+021.15,+021.10,+020.93,+020.96,+021.13,+021.23,+021.24,+021.24","Batt,5.06",,,
2026-01-19T23:08:40Z,1382,9f48: @w1r,1768864050,"Moist,+007.03,+011.00,+008.97,+003.94,+002.63,+003.02,+003.72,+004.96","Temp,+018.80,+019.62,+020.40,+020.71,+020.25,+020.39,+020.65,+020.97","Batt,4.09",,,
2026-01-20T00:07:52Z,1383,hub,1768867602,"Moist,+007.64,+006.40,+006.30,+004.88,+005.69,+004.29,+004.34,+006.04","Temp,+015.80,+015.79,+015.80,+015.98,+016.01,+016.02,+015.98,+016.05","Batt,5.06",,,
2026-01-20T00:08:47Z,1384,9f48: @w1r,1768867657,"Moist,+006.82,+010.82,+009.06,+004.04,+002.60,+002.99,+003.78,+004.96","Temp,+015.96,+016.02,+016.02,+016.15,+015.67,+015.77,+015.78,+015.90","Batt,4.07",,,
2026-01-20T01:07:58Z,1385,hub,1768871208,"Moist,+007.60,+006.44,+006.33,+004.89,+005.71,+004.45,+004.37,+006.02","Temp,+014.01,+013.90,+013.96,+014.10,+014.15,+014.14,+014.15,+014.27","Batt,5.06",,,
2026-01-20T01:08:54Z,1386,9f48: @w1r,1768871263,"Moist,+006.82,+010.94,+009.09,+004.05,+002.60,+002.98,+003.75,+005.00","Temp,+014.47,+014.48,+014.35,+014.38,+013.99,+014.00,+013.99,+014.12","Batt,4.06",,,
2026-01-20T02:08:05Z,1387,hub,1768874814,"Moist,+007.52,+006.33,+006.28,+004.84,+005.71,+004.37,+004.33,+006.01","Temp,+012.84,+012.71,+012.73,+012.91,+012.97,+012.96,+012.97,+013.08","Batt,5.06",,,
2026-01-20T02:08:59Z,1388,9f48: @w1r,1768874868,"Moist,+006.78,+010.82,+009.05,+004.05,+002.56,+002.99,+003.72,+004.94","Temp,+013.36,+013.30,+013.19,+013.19,+012.81,+012.81,+012.82,+012.93","Batt,4.08",,,
2026-01-20T03:08:11Z,1389,hub,1768878420,"Moist,+007.58,+006.36,+006.29,+004.86,+005.67,+004.32,+004.34,+005.97","Temp,+012.25,+012.12,+012.13,+012.32,+012.29,+012.26,+012.33,+012.48","Batt,5.06",,,
2026-01-20T03:09:06Z,1390,9f48: @w1r,1768878474,"Moist,+006.84,+010.81,+009.09,+004.09,+002.57,+002.95,+004.43,+005.29","Temp,+012.89,+012.82,+012.60,+012.64,+012.22,+012.22,+012.22,+012.34","Batt,4.03",,,
2026-01-20T04:08:17Z,1391,hub,1768882025,"Moist,+007.49,+006.23,+006.08,+004.67,+005.52,+004.33,+004.24,+005.89","Temp,+013.21,+013.07,+013.08,+013.27,+013.23,+013.23,+013.27,+013.43","Batt,5.06",,,
2026-01-20T04:09:12Z,1392,9f48: @w1r,1768882079,"Moist,+007.02,+011.07,+009.12,+004.04,+002.62,+002.96,+003.88,+005.09","Temp,+013.84,+013.77,+013.59,+013.60,+013.17,+013.19,+013.17,+013.37","Batt,4.02",,,
2026-01-20T05:08:24Z,1393,hub,1768885631,"Moist,+007.59,+006.32,+006.19,+004.79,+005.61,+004.37,+004.34,+005.95","Temp,+013.90,+013.79,+013.79,+013.92,+013.96,+013.93,+013.96,+014.14","Batt,5.06",,,
2026-01-20T05:09:19Z,1394,9f48: @w1r,1768885685,"Moist,+007.00,+011.07,+009.14,+004.06,+002.60,+003.09,+004.39,+005.26","Temp,+014.19,+014.24,+014.13,+014.14,+013.75,+013.77,+013.87,+014.00","Batt,4.03",,,
2026-01-20T06:08:30Z,1395,hub,1768889237,"Moist,+007.57,+006.35,+006.23,+004.81,+005.69,+004.46,+004.33,+006.04","Temp,+013.44,+013.31,+013.31,+013.45,+013.46,+013.43,+013.44,+013.55","Batt,5.06",,,
2026-01-20T06:09:24Z,1396,9f48: @w1r,1768889291,"Moist,+006.93,+010.93,+009.15,+004.04,+002.62,+002.96,+003.80,+005.02","Temp,+013.51,+013.54,+013.52,+013.58,+013.17,+013.24,+013.29,+013.41","Batt,4.00",,,
2026-01-20T07:08:36Z,1397,hub,1768892843,"Moist,+007.54,+006.31,+006.12,+004.76,+005.56,+004.35,+004.28,+005.93","Temp,+014.02,+013.87,+013.88,+013.98,+014.02,+013.95,+013.91,+014.06","Batt,5.06",,,
2026-01-20T07:09:31Z,1398,9f48: @w1r,1768892896,"Moist,+007.06,+011.10,+009.15,+004.06,+002.60,+003.01,+003.81,+005.12","Temp,+014.19,+014.24,+014.13,+014.14,+013.73,+013.76,+013.86,+014.00","Batt,4.03",,,
2026-01-20T08:08:43Z,1399,hub,1768896448,"Moist,+007.58,+006.29,+006.16,+004.79,+005.63,+004.37,+004.29,+005.93","Temp,+014.26,+014.13,+014.15,+014.26,+014.29,+014.26,+014.27,+014.38","Batt,5.06",,,
2026-01-20T08:09:37Z,1400,9f48: @w1r,1768896502,"Moist,+007.05,+011.18,+009.14,+004.06,+002.61,+002.99,+003.81,+005.08","Temp,+014.35,+014.44,+014.37,+014.39,+013.99,+014.10,+014.11,+014.31","Batt,3.99",,,
2026-01-20T09:08:48Z,1401,hub,1768900054,"Moist,+007.56,+006.36,+006.18,+004.77,+005.61,+004.39,+004.32,+005.95","Temp,+014.01,+013.90,+013.91,+014.03,+014.04,+014.02,+014.03,+014.14","Batt,5.06",,,
2026-01-20T09:09:43Z,1402,9f48: @w1r,1768900108,"Moist,+007.01,+011.11,+009.19,+004.08,+002.61,+003.00,+003.83,+005.07","Temp,+014.16,+014.23,+014.14,+014.25,+013.76,+013.88,+013.89,+014.09","Batt,3.99",,,
2026-01-20T10:08:54Z,1403,hub,1768903660,"Moist,+007.55,+006.33,+006.21,+004.82,+005.63,+004.35,+004.32,+005.95","Temp,+013.84,+013.78,+013.79,+013.88,+013.92,+013.90,+013.91,+014.02","Batt,5.05",,,
2026-01-20T10:09:49Z,1404,9f48: @w1r,1768903714,"Moist,+007.00,+011.07,+009.14,+004.06,+002.62,+003.00,+003.81,+005.04","Temp,+014.03,+014.10,+014.01,+014.12,+013.64,+013.76,+013.77,+013.92","Batt,3.96",,,
2026-01-20T11:09:01Z,1405,hub,1768907265,"Moist,+007.58,+006.33,+006.22,+004.78,+005.64,+004.42,+004.25,+005.95","Temp,+013.07,+012.96,+012.96,+013.14,+013.19,+013.18,+013.20,+013.31","Batt,5.06",,,
2026-01-20T11:09:56Z,1406,9f48: @w1r,1768907320,"Moist,+006.91,+011.04,+009.17,+004.06,+002.60,+002.94,+003.75,+005.05","Temp,+013.24,+013.30,+013.30,+013.33,+012.93,+012.97,+013.05,+013.17","Batt,3.97",,,
2026-01-20T12:09:07Z,1407,hub,1768910871,"Moist,+007.56,+006.33,+006.24,+004.81,+005.62,+004.30,+004.31,+005.94","Temp,+012.26,+012.24,+012.25,+012.38,+012.43,+012.41,+012.43,+012.59","Batt,5.05",,,
2026-01-20T12:10:02Z,1408,9f48: @w1r,1768910925,"Moist,+006.91,+011.00,+009.15,+004.11,+002.58,+002.99,+003.76,+005.03","Temp,+012.53,+012.59,+012.58,+012.60,+012.21,+012.23,+012.33,+012.45","Batt,3.96",,,
2026-01-20T13:09:13Z,1409,hub,1768914477,"Moist,+007.58,+006.32,+006.22,+004.86,+005.69,+004.30,+004.34,+005.97","Temp,+011.87,+011.77,+011.78,+011.87,+011.96,+011.94,+011.95,+012.11","Batt,5.05",,,
2026-01-20T13:10:08Z,1410,9f48: @w1r,1768914531,"Moist,+006.92,+011.02,+009.14,+004.06,+002.58,+002.98,+003.81,+005.06","Temp,+012.05,+012.11,+012.05,+012.13,+011.71,+011.75,+011.84,+011.96","Batt,3.91",,,
2026-01-20T14:09:19Z,1411,hub,1768918083,"Moist,+007.49,+006.21,+006.06,+004.70,+005.48,+004.20,+004.19,+005.83","Temp,+012.48,+012.36,+012.37,+012.46,+012.51,+012.48,+012.49,+012.60","Batt,5.06",,,
2026-01-20T14:10:15Z,1412,9f48: @w1r,1768918137,"Moist,+007.16,+011.16,+009.12,+004.03,+002.59,+002.99,+003.91,+005.16","Temp,+012.65,+012.71,+012.64,+012.67,+012.22,+012.34,+012.37,+012.58","Batt,3.91",,,